{"cameraMode":{"drawMode":0,"name":"Shaded","section":"Shading Mode"},"sceneLighting":false,"audioPlay":false,"sceneViewState":{"m_AlwaysRefresh":false,"showFog":true,"showSkybox":false,"showFlares":true,"showImageEffects":true,"showParticleSystems":true,"showVisualEffectGraphs":true,"m_FxEnabled":true},"in2DMode":false,"pivot":{"x":-0.09099999815225601,"y":0.972000002861023,"z":-5.5329999923706059},"rotation":{"x":0.007810712326318026,"y":0.006323577836155891,"z":-0.00018380679830443114,"w":0.9998792409896851},"size":0.043301310390233996,"orthographic":false}